row,col,sum_amp,sum_phase_deg,diff_amp,diff_phase_deg
0,0,0.00000000,-44.999978,0.00000000,135.000022
0,1,0.00000000,0.000000,0.00000000,-0.000000
0,2,0.00000000,-44.799426,0.00000000,134.272543
0,3,0.00000000,-134.740807,0.00000000,45.054616
0,4,0.00000000,134.904187,0.00000000,-42.558668
0,5,0.00000000,44.539174,0.00000000,-133.994907
0,6,0.00000001,-45.320212,0.00000001,132.257952
0,7,0.00000000,-0.000000,0.00000000,0.000000
0,8,0.00000001,134.917141,0.00000001,-50.512540
0,9,0.00000001,45.708280,0.00000001,-137.245849
0,10,0.00000002,-44.920126,0.00000002,135.010914
0,11,0.00000002,-134.908159,0.00000002,48.485433
0,12,0.00000002,135.655170,0.00000002,-38.240045
0,13,0.00000003,44.868687,0.00000003,-133.617506
0,14,0.00000003,-45.315366,0.00000003,126.331140
0,15,0.00000000,-0.000000,0.00000000,0.000000
0,16,0.00000000,180.000000,0.00000000,180.000000
0,17,0.00000003,44.989727,0.00000003,51.273714
0,18,0.00000000,0.000000,0.00000000,0.000000
0,19,0.00000002,-135.029214,0.00000002,-139.292630
0,20,0.00000002,134.716475,0.00000002,130.966902
0,21,0.00000002,45.780185,0.00000002,42.522107
0,22,0.00000001,-44.302320,0.00000001,-45.005779
0,23,0.00000001,-135.913884,0.00000001,-128.906752
0,24,0.00000001,134.587897,0.00000001,139.493632
0,25,0.00000001,45.007275,0.00000001,47.747266
0,26,0.00000000,-45.503268,0.00000000,-46.458888
0,27,0.00000000,-134.957065,0.00000000,-137.946713
0,28,0.00000000,135.514116,0.00000000,134.851634
0,29,0.00000000,45.188463,0.00000000,45.742812
0,30,0.00000000,0.000000,0.00000000,0.000000
0,31,0.00000000,44.999978,0.00000000,44.999978
1,0,0.00000000,134.971133,0.00000000,-45.043769
1,1,0.00001315,-162.581559,0.00002087,43.763990
1,2,0.00005152,120.698418,0.00008672,-42.704915
1,3,0.00014997,42.703659,0.00020305,-128.598204
1,4,0.00000000,0.000000,0.00000000,180.000000
1,5,0.00051886,-126.312087,0.00065744,37.806724
1,6,0.00068932,133.393147,0.00099346,-45.468070
1,7,0.00088688,40.667339,0.00135419,-122.804061
1,8,0.00118142,-42.345652,0.00177394,158.582715
1,9,0.00168593,-135.004588,0.00190560,57.421726
1,10,0.00232658,139.237843,0.00252506,-44.868168
1,11,0.00299765,49.200425,0.00337110,-147.412544
1,12,0.00307218,-44.111867,0.00370154,120.287878
1,13,0.00355168,-134.128316,0.00350813,37.827398
1,14,0.00377063,133.819839,0.00240411,-42.952206
1,15,0.00394781,43.411307,0.00246442,-117.273693
1,16,0.00375238,-45.121005,0.00231110,-62.823856
1,17,0.00348038,-135.702824,0.00231632,-150.996589
1,18,0.00318206,133.684806,0.00309969,132.270583
1,19,0.00000000,0.000000,0.00000000,0.000000
1,20,0.00283345,-44.617596,0.00342533,-30.767738
1,21,0.00203897,-137.510423,0.00208516,-118.965344
1,22,0.00190496,136.650769,0.00164310,139.935084
1,23,0.00166685,46.862482,0.00168507,34.931103
1,24,0.00000000,0.000000,0.00000000,0.000000
1,25,0.00057935,-133.387471,0.00097436,-131.041622
1,26,0.00000000,180.000000,0.00000000,180.000000
1,27,0.00022671,39.271570,0.00039284,45.639535
1,28,0.00015527,-61.953934,0.00020316,-48.460514
1,29,0.00007144,-172.770841,0.00008543,-133.771102
1,30,0.00001516,141.555209,0.00002065,139.898295
1,31,0.00000000,-135.096061,0.00000000,-134.965475
2,0,0.00000000,134.904667,0.00000000,-45.181712
2,1,0.00005431,-162.606476,0.00008720,43.709045
2,2,0.00021426,120.830111,0.00036179,-42.735454
2,3,0.00062538,42.671734,0.00084690,-128.582837
2,4,0.00135140,-27.174350,0.00164264,138.001580
2,5,0.00216346,-126.324599,0.00274084,37.792626
2,6,0.00000000,180.000000,0.00000000,0.000000
2,7,0.00369650,40.654111,0.00564572,-122.817206
2,8,0.00492426,-42.338554,0.00739581,158.589291
2,9,0.00702722,-135.000408,0.00794372,57.426968
2,10,0.00969740,139.241117,0.01052561,-44.861056
2,11,0.00000000,0.000000,0.00000000,-0.000000
2,12,0.01280631,-44.106464,0.01542969,120.285092
2,13,0.01480514,-134.133520,0.01462343,37.824302
2,14,0.01571797,133.817874,0.01002155,-42.976686
2,15,0.00000000,0.000000,0.00000000,-0.000000
2,16,0.01564103,-45.122517,0.00963341,-62.834979
2,17,0.01450721,-135.706118,0.00965453,-150.966256
2,18,0.01326380,133.689940,0.01291980,132.273492
2,19,0.01280872,45.355486,0.01438754,49.496711
2,20,0.01181158,-44.616423,0.01428064,-30.760697
2,21,0.00849938,-137.507646,0.00868680,-118.971246
2,22,0.00794091,136.655523,0.00684866,139.931367
2,23,0.00694846,46.850668,0.00702451,34.927002
2,24,0.00452590,-41.694211,0.00531326,-53.944166
2,25,0.00241442,-133.392559,0.00406204,-131.034072
2,26,0.00159956,146.631826,0.00272822,144.070638
2,27,0.00000000,0.000000,0.00000000,0.000000
2,28,0.00000000,0.000000,0.00000000,0.000000
2,29,0.00000000,-0.000000,0.00000000,-0.000000
2,30,0.00000000,180.000000,0.00000000,180.000000
2,31,0.00000000,-135.363199,0.00000000,-134.856404
3,0,0.00000000,134.830551,0.00000000,-45.431511
3,1,0.00012958,-162.600011,0.00020864,43.700372
3,2,0.00051228,120.863607,0.00086543,-42.741268
3,3,0.00149585,42.664160,0.00202576,-128.580153
3,4,0.00000000,0.000000,0.00000000,180.000000
3,5,0.00517467,-126.326967,0.00655546,37.789619
3,6,0.00686955,133.382312,0.00990585,-45.477183
3,7,0.00884080,40.651539,0.01350336,-122.819912
3,8,0.01177728,-42.337205,0.01768928,158.590544
3,9,0.01680694,-134.999630,0.01899932,57.427950
3,10,0.02319309,139.241722,0.02517433,-44.859734
3,11,0.02988687,49.203940,0.03360923,-147.422521
3,12,0.00000000,0.000000,0.00000000,180.000000
3,13,0.03540983,-134.134501,0.03497516,37.823726
3,14,0.00000000,180.000000,0.00000000,0.000000
3,15,0.03936676,43.409423,0.02457043,-117.258012
3,16,0.03740872,-45.122798,0.02304027,-62.837058
3,17,0.03469692,-135.706729,0.02309051,-150.960432
3,18,0.03172309,133.690938,0.03090006,132.274029
3,19,0.03063454,45.355836,0.03441040,49.497210
3,20,0.00000000,0.000000,0.00000000,0.000000
3,21,0.02032815,-137.507131,0.02077372,-118.972377
3,22,0.01899251,136.656405,0.01637984,139.930670
3,23,0.01661891,46.848109,0.01680083,34.926218
3,24,0.00000000,0.000000,0.00000000,0.000000
3,25,0.00577435,-133.393517,0.00971547,-131.032644
3,26,0.00382553,146.630250,0.00652529,144.071609
3,27,0.00225904,39.235166,0.00391735,45.610118
3,28,0.00154780,-61.888473,0.00202694,-48.480278
3,29,0.00071378,-172.772565,0.00085279,-133.724026
3,30,0.00015159,141.800432,0.00020653,139.995903
3,31,0.00000000,-135.776739,0.00000000,-134.657929
4,0,0.00000000,134.761566,0.00000000,-45.816739
4,1,0.00024734,-162.595884,0.00039871,43.696819
4,2,0.00097869,120.876687,0.00165366,-42.743338
4,3,0.00285817,42.661388,0.00387072,-128.579249
4,4,0.00617617,-27.176364,0.00750686,138.007066
4,5,0.00988735,-126.327779,0.01252550,37.788566
4,6,0.00000000,180.000000,0.00000000,0.000000
4,7,0.01689184,40.650637,0.02580088,-122.820860
4,8,0.02250251,-42.336743,0.03379896,158.590965
4,9,0.03211257,-134.999363,0.03630176,57.428281
4,10,0.04431438,139.241927,0.04810014,-44.859268
4,11,0.05710441,49.204126,0.06421656,-147.423058
4,12,0.05852257,-44.105093,0.07051089,120.284400
4,13,0.06765697,-134.134838,0.06682641,37.823525
4,14,0.07182853,133.817383,0.04579691,-42.982869
4,15,0.07521826,43.409320,0.04694637,-117.257176
4,16,0.07147601,-45.122892,0.04402254,-62.837775
4,17,0.06629462,-135.706941,0.04411836,-150.958421
4,18,0.00000000,180.000000,0.00000000,180.000000
4,19,0.05853266,45.355958,0.06574697,49.497398
4,20,0.05397729,-44.616128,0.06526317,-30.758894
4,21,0.03884065,-137.506957,0.03969009,-118.972771
4,22,0.03628870,136.656712,0.03129651,139.930426
4,23,0.03175355,46.847190,0.03210116,34.925952
4,24,0.02068364,-41.695418,0.02428130,-53.940063
4,25,0.01103277,-133.393847,0.01856331,-131.032149
4,26,0.00730927,146.629708,0.01246784,144.071947
4,27,0.00431617,39.233075,0.00748488,45.608552
4,28,0.00295731,-61.883609,0.00387298,-48.481252
4,29,0.00136403,-172.772068,0.00162951,-133.721564
4,30,0.00028971,141.817737,0.00039468,140.001533
4,31,0.00000000,-136.337137,0.00000000,-134.349413
5,0,0.00000000,134.699374,0.00000000,-46.360017
5,1,0.00041611,-162.593615,0.00067114,43.694777
5,2,0.00000000,180.000000,0.00000000,0.000000
5,3,0.00481083,42.660112,0.00651516,-128.578853
5,4,0.01039560,-27.176599,0.01263533,138.007683
5,5,0.01664215,-126.328143,0.02108253,37.788088
5,6,0.00000000,180.000000,0.00000000,0.000000
5,7,0.02843162,40.650240,0.04342726,-122.821293
5,8,0.00000000,0.000000,0.00000000,180.000000
5,9,0.05405056,-134.999243,0.06110181,57.428438
5,10,0.07458808,139.242021,0.08096035,-44.859065
5,11,0.09611607,49.204210,0.10808689,-147.423293
5,12,0.09850299,-44.104935,0.11868128,120.284321
5,13,0.11387768,-134.134991,0.11247968,37.823441
5,14,0.12089912,133.817327,0.07708369,-42.983579
5,15,0.12660522,43.409271,0.07901841,-117.256792
5,16,0.12030559,-45.122934,0.07409700,-62.838096
5,17,0.00000000,-0.000000,0.00000000,-0.000000
5,18,0.10202073,133.691438,0.09937344,132.274292
5,19,0.09851980,45.356009,0.11066254,49.497469
5,20,0.09085265,-44.616100,0.10984918,-30.758687
5,21,0.06537512,-137.506876,0.06680342,-118.972948
5,22,0.06107981,136.656851,0.05267699,139.930314
5,23,0.05344644,46.846773,0.05403153,34.925825
5,24,0.03481415,-41.695559,0.04086949,-53.939574
5,25,0.01856980,-133.393990,0.03124516,-131.031927
5,26,0.01230261,146.629465,0.02098546,144.072089
5,27,0.00726471,39.232137,0.01259833,45.607853
5,28,0.00497758,-61.881353,0.00651895,-48.481687
5,29,0.00229608,-172.771811,0.00274281,-133.720449
5,30,0.00048768,141.825780,0.00066436,140.004444
5,31,0.00000000,-137.051134,0.00000000,-133.909217
6,0,0.00000001,134.643488,0.00000001,-47.076231
6,1,0.00064204,-162.592315,0.00103586,43.693459
6,2,0.00254222,120.886186,0.00429596,-42.744779
6,3,0.00742494,42.659453,0.01005540,-128.578644
6,4,0.01604436,-27.176715,0.01950106,138.007992
6,5,0.02568514,-126.328334,0.03253824,37.787842
6,6,0.03409446,133.381438,0.04916794,-45.478026
6,7,0.04388048,40.650031,0.06702457,-122.821512
6,8,0.05845558,-42.336426,0.08780173,158.591254
6,9,0.08342003,-134.999184,0.09430288,57.428514
6,10,0.11511701,139.242068,0.12495195,-44.858967
6,11,0.14834290,49.204258,0.16681830,-147.423414
6,12,0.15202677,-44.104854,0.18316937,120.284281
6,13,0.17575564,-134.135066,0.17359800,37.823398
6,14,0.18659236,133.817300,0.11896885,-42.983941
6,15,0.19539949,43.409247,0.12195485,-117.256593
6,16,0.18567618,-45.122955,0.11435919,-62.838258
6,17,0.17221626,-135.707081,0.11460779,-150.957050
6,18,0.15745587,133.691522,0.15337001,132.274344
6,19,0.15205256,45.356034,0.17079323,49.497514
6,20,0.14021952,-44.616075,0.16953869,-30.758584
6,21,0.10089814,-137.506834,0.10310135,-118.973039
6,22,0.09426889,136.656916,0.08130009,139.930262
6,23,0.08248780,46.846558,0.08339082,34.925769
6,24,0.05373137,-41.695630,0.06307695,-53.939316
6,25,0.02866001,-133.394066,0.04822298,-131.031817
6,26,0.01898744,146.629342,0.03238843,144.072165
6,27,0.01121206,39.231652,0.01944396,45.607496
6,28,0.00768223,-61.880172,0.01006126,-48.481908
6,29,0.00354386,-172.771673,0.00423323,-133.719888
6,30,0.00075272,141.830018,0.00102540,140.006158
6,31,0.00000001,-137.909576,0.00000001,-133.319629
7,0,0.00000001,134.594212,0.00000001,-47.966579
7,1,0.00092654,-162.591534,0.00149515,43.692572
7,2,0.00366929,120.888087,0.00620067,-42.745056
7,3,0.01071690,42.659072,0.01451363,-128.578530
7,4,0.02315784,-27.176785,0.02814708,138.008174
7,5,0.03707300,-126.328438,0.04696443,37.787703
7,6,0.04921028,133.381376,0.07096707,-45.478089
7,7,0.06333525,40.649915,0.09674067,-122.821635
7,8,0.08437237,-42.336364,0.12672966,158.591315
7,9,0.12040502,-134.999148,0.13611300,57.428555
7,10,0.16615513,139.242093,0.18035058,-44.858899
7,11,0.21411218,49.204285,0.24077877,-147.423497
7,12,0.21942928,-44.104805,0.26437922,120.284250
7,13,0.25367859,-134.135110,0.25056434,37.823377
7,14,0.00000000,180.000000,0.00000000,0.000000
7,15,0.28203223,43.409238,0.17602475,-117.256484
7,16,0.26799741,-45.122966,0.16506137,-62.838358
7,17,0.00000000,-0.000000,0.00000000,-0.000000
7,18,0.22726534,133.691566,0.22136791,132.274371
7,19,0.21946642,45.356050,0.24651589,49.497530
7,20,0.20238726,-44.616069,0.24470573,-30.758526
7,21,0.14563226,-137.506813,0.14881134,-118.973093
7,22,0.13606391,136.656958,0.11734517,139.930229
7,23,0.11905958,46.846436,0.12036300,34.925736
7,24,0.07755382,-41.695669,0.09104279,-53.939171
7,25,0.04136661,-133.394112,0.06960316,-131.031750
7,26,0.02740565,146.629268,0.04674819,144.072208
7,27,0.01618297,39.231377,0.02806466,45.607285
7,28,0.01108818,-61.879489,0.01452208,-48.482034
7,29,0.00511520,-172.771595,0.00611013,-133.719564
7,30,0.00108649,141.832442,0.00148005,140.007220
7,31,0.00000001,-138.879457,0.00000001,-132.571896
8,0,0.00000001,134.552302,0.00000001,-49.013811
8,1,0.00126451,-162.591053,0.00204077,43.691963
8,2,0.00500822,120.889245,0.00846341,-42.745232
8,3,0.01462767,42.658844,0.01980989,-128.578463
8,4,0.03160849,-27.176826,0.03841833,138.008283
8,5,0.05060147,-126.328501,0.06410237,37.787620
8,6,0.06716749,133.381340,0.09686391,-45.478133
8,7,0.08644704,40.649845,0.13204269,-122.821720
8,8,0.11516087,-42.336329,0.17297503,158.591347
8,9,0.16434229,-134.999129,0.18578241,57.428580
8,10,0.22678714,139.242111,0.24616279,-44.858865
8,11,0.29224440,49.204294,0.32864194,-147.423535
8,12,0.29950179,-44.104784,0.36085457,120.284243
8,13,0.34624913,-134.135140,0.34199841,37.823351
8,14,0.00000000,180.000000,0.00000000,0.000000
8,15,0.38494966,43.409230,0.24025840,-117.256417
8,16,0.36579298,-45.122972,0.22529431,-62.838400
8,17,0.33927612,-135.707126,0.22578388,-150.956630
8,18,0.31019727,133.691591,0.30214768,132.274380
8,19,0.29955238,45.356064,0.33647246,49.497550
8,20,0.27624096,-44.616065,0.33400228,-30.758490
8,21,0.19877534,-137.506801,0.20311371,-118.973130
8,22,0.18571539,136.656981,0.16016584,139.930218
8,23,0.16250596,46.846359,0.16428498,34.925714
8,24,0.00000000,0.000000,0.00000000,0.000000
8,25,0.05646174,-133.394137,0.09500227,-131.031709
8,26,0.03740628,146.629228,0.06380723,144.072233
8,27,0.02208829,39.231212,0.03830583,45.607165
8,28,0.01513438,-61.879080,0.01982142,-48.482109
8,29,0.00698191,-172.771546,0.00833983,-133.719373
8,30,0.00000000,180.000000,0.00000000,180.000000
8,31,0.00000001,-139.908513,0.00000001,-131.671616
9,0,0.00000001,134.518064,0.00000001,-50.179510
9,1,0.00000000,-0.000000,0.00000000,0.000000
9,2,0.00650961,120.889980,0.01100068,-42.745335
9,3,0.01901291,42.658701,0.02574874,-128.578417
9,4,0.04108443,-27.176853,0.04993577,138.008350
9,5,0.06577132,-126.328541,0.08331962,37.787561
9,6,0.08730339,133.381312,0.12590274,-45.478158
9,7,0.11236291,40.649798,0.17162776,-122.821767
9,8,0.14968484,-42.336305,0.22483125,158.591373
9,9,0.21361031,-134.999115,0.24147804,57.428598
9,10,0.29477544,139.242118,0.31995978,-44.858846
9,11,0.37985628,49.204305,0.42716542,-147.423556
9,12,0.38928932,-44.104765,0.46903496,120.284232
9,13,0.00000000,-0.000000,0.00000000,0.000000
9,14,0.47780025,133.817263,0.30463923,-42.984339
9,15,0.50035385,43.409223,0.31228538,-117.256380
9,16,0.47545381,-45.122981,0.29283515,-62.838441
9,17,0.44098749,-135.707136,0.29347146,-150.956528
9,18,0.40319117,133.691612,0.39272829,132.274385
9,19,0.00000000,0.000000,0.00000000,0.000000
9,20,0.35905513,-44.616057,0.43413296,-30.758462
9,21,0.25836610,-137.506795,0.26400439,-118.973145
9,22,0.24139096,136.656994,0.20818183,139.930200
9,23,0.00000000,0.000000,0.00000000,0.000000
9,24,0.13758844,-41.695710,0.16151906,-53.939028
9,25,0.07338831,-133.394153,0.12348300,-131.031683
9,26,0.04862026,146.629201,0.08293600,144.072249
9,27,0.02871008,39.231102,0.04978954,45.607091
9,28,0.01967148,-61.878821,0.02576373,-48.482157
9,29,0.00907511,-172.771512,0.01084006,-133.719252
9,30,0.00192761,141.834846,0.00262582,140.008379
9,31,0.00000001,-140.936242,0.00000001,-130.643716
10,0,0.00000002,134.491062,0.00000002,-51.404302
10,1,0.00204390,-162.590533,0.00329906,43.691249
10,2,0.00809598,120.890467,0.01368158,-42.745409
10,3,0.02364639,42.658604,0.03202376,-128.578388
10,4,0.00000000,0.000000,0.00000000,180.000000
10,5,0.08179989,-126.328568,0.10362469,37.787535
10,6,0.10857911,133.381299,0.15658536,-45.478170
10,7,0.13974579,40.649767,0.21345361,-122.821796
10,8,0.18616308,-42.336288,0.27962285,158.591380
10,9,0.26566723,-134.999107,0.30032646,57.428611
10,10,0.36661228,139.242127,0.39793416,-44.858827
10,11,0.47242752,49.204310,0.53126589,-147.423576
10,12,0.48415940,-44.104753,0.58333905,120.284229
10,13,0.55972873,-134.135166,0.55285726,37.823339
10,14,0.59424049,133.817261,0.37888004,-42.984396
10,15,0.62229061,43.409220,0.38838953,-117.256350
10,16,0.59132219,-45.122983,0.36419927,-62.838464
10,17,0.54845631,-135.707144,0.36499053,-150.956467
10,18,0.00000000,180.000000,0.00000000,180.000000
10,19,0.48424098,45.356073,0.54392395,49.497567
10,20,0.44655719,-44.616058,0.53993173,-30.758448
10,21,0.32133010,-137.506783,0.32834192,-118.973160
10,22,0.30021808,136.657005,0.25891584,139.930191
10,23,0.26269889,46.846285,0.26557485,34.925684
10,24,0.17111893,-41.695718,0.20088144,-53.938990
10,25,0.09127304,-133.394160,0.15357593,-131.031673
10,26,0.06046901,146.629185,0.10314758,144.072262
10,27,0.03570671,39.231039,0.06192330,45.607035
10,28,0.02446542,-61.878648,0.03204240,-48.482190
10,29,0.01128680,-172.771494,0.01348182,-133.719172
10,30,0.00239739,141.835458,0.00326575,140.008690
10,31,0.00000002,-141.905023,0.00000002,-129.535506
11,0,0.00000002,134.470353,0.00000002,-52.611851
11,1,0.00244059,-162.590389,0.00393950,43.691057
11,2,0.00966759,120.890788,0.01633754,-42.745459
11,3,0.00000000,0.000000,0.00000000,-0.000000
11,4,0.06101594,-27.176879,0.07416135,138.008431
11,5,0.09767933,-126.328586,0.12374084,37.787505
11,6,0.12965689,133.381290,0.18698250,-45.478185
11,7,0.16687392,40.649750,0.25489034,-122.821815
11,8,0.22230191,-42.336280,0.33390471,158.591391
11,9,0.31723986,-134.999102,0.35862728,57.428618
11,10,0.43778085,139.242134,0.47518318,-44.858824
11,11,0.00000000,0.000000,0.00000000,-0.000000
11,12,0.57814680,-44.104746,0.69657974,120.284223
11,13,0.66838609,-134.135169,0.66018064,37.823344
11,14,0.70959751,133.817260,0.45243015,-42.984438
11,15,0.74309290,43.409219,0.46378564,-117.256330
11,16,0.70611239,-45.122987,0.43489937,-62.838486
11,17,0.65492542,-135.707148,0.43584425,-150.956412
11,18,0.59879282,133.691626,0.58325398,132.274401
11,19,0.57824420,45.356076,0.64951310,49.497569
11,20,0.00000000,0.000000,0.00000000,0.000000
11,21,0.38370826,-137.506779,0.39208082,-118.973165
11,22,0.35849786,136.657011,0.30917781,139.930189
11,23,0.31369533,46.846263,0.31712955,34.925680
11,24,0.20433740,-41.695728,0.23987754,-53.938964
11,25,0.10899139,-133.394173,0.18338886,-131.031657
11,26,0.07220753,146.629170,0.12317111,144.072271
11,27,0.04263824,39.230991,0.07394417,45.607005
11,28,0.02921475,-61.878537,0.03826266,-48.482211
11,29,0.01347791,-172.771483,0.01609900,-133.719116
11,30,0.00286280,141.835869,0.00389972,140.008909
11,31,0.00000002,-142.767283,0.00000002,-128.415812
12,0,0.00000000,180.000000,0.00000000,0.000000
12,1,0.00280521,-162.590293,0.00452816,43.690914
12,2,0.01111213,120.891007,0.01877875,-42.745487
12,3,0.03245599,42.658499,0.04395441,-128.578358
12,4,0.07013312,-27.176892,0.08524275,138.008446
12,5,0.00000000,-0.000000,0.00000000,0.000000
12,6,0.14903046,133.381282,0.21492196,-45.478193
12,7,0.19180863,40.649738,0.29297679,-122.821826
12,8,0.25551889,-42.336275,0.38379772,158.591401
12,9,0.36464267,-134.999096,0.41221434,57.428623
12,10,0.00000000,180.000000,0.00000000,0.000000
12,11,0.64843249,49.204318,0.72919130,-147.423599
12,12,0.00000000,0.000000,0.00000000,180.000000
12,13,0.76825812,-134.135177,0.75882667,37.823327
12,14,0.81562750,133.817257,0.52003347,-42.984463
12,15,0.00000000,0.000000,0.00000000,-0.000000
12,16,0.81162162,-45.122988,0.49988319,-62.838492
12,17,0.75278606,-135.707153,0.50096924,-150.956389
12,18,0.68826602,133.691635,0.67040533,132.274396
12,19,0.66464699,45.356075,0.74656503,49.497572
12,20,0.61292400,-44.616056,0.74108604,-30.758433
12,21,0.44104297,-137.506781,0.45066626,-118.973170
12,22,0.41206564,136.657017,0.35537599,139.930184
12,23,0.36056858,46.846248,0.36451592,34.925675
12,24,0.23487014,-41.695730,0.27572070,-53.938953
12,25,0.12527712,-133.394177,0.21079135,-131.031654
12,26,0.08299696,146.629164,0.14157568,144.072276
12,27,0.04900934,39.230962,0.08499313,45.606983
12,28,0.03358008,-61.878460,0.04397999,-48.482225
12,29,0.01549186,-172.771473,0.01850457,-133.719084
12,30,0.00329059,141.836141,0.00448244,140.009057
12,31,0.00000002,-143.488007,0.00000002,-127.368947
13,0,0.00000003,134.443905,0.00000003,-54.633919
13,1,0.00310936,-162.590233,0.00501920,43.690816
13,2,0.01231710,120.891152,0.02081510,-42.745504
13,3,0.03597548,42.658471,0.04872077,-128.578348
13,4,0.00000000,0.000000,0.00000000,180.000000
13,5,0.00000000,-0.000000,0.00000000,0.000000
13,6,0.00000000,180.000000,0.00000000,0.000000
13,7,0.21260805,40.649726,0.32474675,-122.821834
13,8,0.28322694,-42.336269,0.42541625,158.591399
13,9,0.40418400,-134.999095,0.45691435,57.428630
13,10,0.55776091,139.242134,0.60541392,-44.858803
13,11,0.71874757,49.204320,0.80826375,-147.423600
13,12,0.00000000,0.000000,0.00000000,180.000000
13,13,0.85156686,-134.135180,0.84111265,37.823325
13,14,0.00000000,180.000000,0.00000000,0.000000
13,15,0.94674851,43.409217,0.59089283,-117.256311
13,16,0.89963271,-45.122987,0.55408976,-62.838495
13,17,0.83441702,-135.707151,0.55529351,-150.956368
13,18,0.76290049,133.691640,0.74310302,132.274405
13,19,0.73672023,45.356078,0.82752140,49.497571
13,20,0.67938861,-44.616052,0.82144843,-30.758428
13,21,0.48886902,-137.506780,0.49953565,-118.973170
13,22,0.00000000,180.000000,0.00000000,180.000000
13,23,0.00000000,0.000000,0.00000000,0.000000
13,24,0.26033915,-41.695734,0.30561948,-53.938940
13,25,0.13886198,-133.394177,0.23364927,-131.031652
13,26,0.09199701,146.629158,0.15692797,144.072273
13,27,0.05432382,39.230938,0.09420966,45.606962
13,28,0.03722145,-61.878405,0.04874913,-48.482232
13,29,0.01717181,-172.771466,0.02051120,-133.719056
13,30,0.00364742,141.836322,0.00496852,140.009159
13,31,0.00000003,-144.043849,0.00000003,-126.484053
14,0,0.00000003,134.436808,0.00000003,-55.290493
14,1,0.00332794,-162.590189,0.00537208,43.690762
14,2,0.01318307,120.891233,0.02227855,-42.745521
14,3,0.03850480,42.658456,0.05214618,-128.578345
14,4,0.08320380,-27.176893,0.10112937,138.008464
14,5,0.13319948,-126.328612,0.16873795,37.787476
14,6,0.17680500,133.381275,0.25497681,-45.478201
14,7,0.22755580,40.649723,0.34757864,-122.821845
14,8,0.30313968,-42.336267,0.45532582,158.591405
14,9,0.00000000,-0.000000,0.00000000,0.000000
14,10,0.59697514,139.242136,0.64797855,-44.858804
14,11,0.76928038,49.204320,0.86509006,-147.423602
14,12,0.78838384,-44.104734,0.94988372,120.284216
14,13,0.91143763,-134.135182,0.90024847,37.823328
14,14,0.96763527,133.817256,0.61695168,-42.984490
14,15,1.01331144,43.409217,0.63243657,-117.256304
14,16,0.96288292,-45.122991,0.59304600,-62.838509
14,17,0.89308215,-135.707154,0.59433438,-150.956358
14,18,0.81653740,133.691640,0.79534808,132.274404
14,19,0.78851668,45.356080,0.88570166,49.497568
14,20,0.72715411,-44.616053,0.87920163,-30.758425
14,21,0.52323981,-137.506777,0.53465613,-118.973184
14,22,0.48886194,136.657020,0.42160706,139.930178
14,23,0.00000000,0.000000,0.00000000,0.000000
14,24,0.27864272,-41.695736,0.32710664,-53.938939
14,25,0.14862490,-133.394178,0.25007641,-131.031649
14,26,0.09846501,146.629154,0.16796105,144.072274
14,27,0.05814313,39.230929,0.10083324,45.606958
14,28,0.03983836,-61.878375,0.05217653,-48.482238
14,29,0.01837913,-172.771460,0.02195328,-133.719044
14,30,0.00390387,141.836431,0.00531784,140.009219
14,31,0.00000003,-144.420633,0.00000003,-125.842311
15,0,0.00000003,134.433316,0.00000003,-55.632815
15,1,0.00344223,-162.590176,0.00555660,43.690734
15,2,0.01363586,120.891275,0.02304374,-42.745524
15,3,0.03982731,42.658447,0.05393723,-128.578342
15,4,0.08606157,-27.176898,0.10460282,138.008468
15,5,0.13777442,-126.328615,0.17453350,37.787477
15,6,0.18287762,133.381270,0.26373437,-45.478199
15,7,0.23537156,40.649719,0.35951678,-122.821846
15,8,0.31355147,-42.336265,0.47096468,158.591399
15,9,0.44745906,-134.999088,0.50583521,57.428628
15,10,0.61747922,139.242136,0.67023435,-44.858801
15,11,0.00000000,0.000000,0.00000000,-0.000000
15,12,0.81546202,-44.104736,0.98250872,120.284219
15,13,0.94274222,-134.135183,0.93116882,37.823324
15,14,1.00087012,133.817255,0.63814179,-42.984486
15,15,1.04811497,43.409217,0.65415851,-117.256297
15,16,0.99595454,-45.122990,0.61341494,-62.838510
15,17,0.92375631,-135.707156,0.61474759,-150.956353
15,18,0.84458257,133.691639,0.82266548,132.274404
15,19,0.81559933,45.356081,0.91612231,49.497572
15,20,0.75212925,-44.616053,0.90939908,-30.758427
15,21,0.54121125,-137.506776,0.55301957,-118.973179
15,22,0.50565260,136.657020,0.43608776,139.930175
15,23,0.44245971,46.846236,0.44730360,34.925670
15,24,0.28821314,-41.695739,0.33834156,-53.938930
15,25,0.15372961,-133.394180,0.25866561,-131.031645
15,26,0.10184693,146.629153,0.17372992,144.072280
15,27,0.06014014,39.230921,0.10429650,45.606953
15,28,0.04120666,-61.878359,0.05396862,-48.482240
15,29,0.01901040,-172.771463,0.02270730,-133.719039
15,30,0.00403796,141.836482,0.00550049,140.009243
15,31,0.00000003,-144.610677,0.00000003,-125.505027
16,0,0.00000003,134.433316,0.00000003,-55.632815
16,1,0.00000000,-0.000000,0.00000000,0.000000
16,2,0.01363586,120.891275,0.02304374,-42.745524
16,3,0.03982731,42.658447,0.05393723,-128.578342
16,4,0.00000000,0.000000,0.00000000,180.000000
16,5,0.13777442,-126.328615,0.17453350,37.787477
16,6,0.18287762,133.381270,0.26373437,-45.478199
16,7,0.23537156,40.649719,0.35951678,-122.821846
16,8,0.31355147,-42.336265,0.47096468,158.591399
16,9,0.44745906,-134.999088,0.50583521,57.428628
16,10,0.61747922,139.242136,0.67023435,-44.858801
16,11,0.79570241,49.204321,0.89480279,-147.423605
16,12,0.81546202,-44.104736,0.98250872,120.284219
16,13,0.00000000,-0.000000,0.00000000,0.000000
16,14,1.00087012,133.817255,0.63814179,-42.984486
16,15,1.04811497,43.409217,0.65415851,-117.256297
16,16,0.99595454,-45.122990,0.61341494,-62.838510
16,17,0.92375631,-135.707156,0.61474759,-150.956353
16,18,0.84458257,133.691639,0.82266548,132.274404
16,19,0.81559933,45.356081,0.91612231,49.497572
16,20,0.75212925,-44.616053,0.90939908,-30.758427
16,21,0.54121125,-137.506776,0.55301957,-118.973179
16,22,0.50565260,136.657020,0.43608776,139.930175
16,23,0.44245971,46.846236,0.44730360,34.925670
16,24,0.28821314,-41.695739,0.33834156,-53.938930
16,25,0.15372961,-133.394180,0.25866561,-131.031645
16,26,0.10184693,146.629153,0.17372992,144.072280
16,27,0.06014014,39.230921,0.10429650,45.606953
16,28,0.04120666,-61.878359,0.05396862,-48.482240
16,29,0.01901040,-172.771463,0.02270730,-133.719039
16,30,0.00403796,141.836482,0.00550049,140.009243
16,31,0.00000003,-144.610677,0.00000003,-125.505027
17,0,0.00000003,134.436808,0.00000003,-55.290493
17,1,0.00332794,-162.590189,0.00537208,43.690762
17,2,0.01318307,120.891233,0.02227855,-42.745521
17,3,0.03850480,42.658456,0.05214618,-128.578345
17,4,0.00000000,0.000000,0.00000000,180.000000
17,5,0.13319948,-126.328612,0.16873795,37.787476
17,6,0.17680500,133.381275,0.25497681,-45.478201
17,7,0.22755580,40.649723,0.34757864,-122.821845
17,8,0.30313968,-42.336267,0.45532582,158.591405
17,9,0.43260080,-134.999093,0.48903843,57.428618
17,10,0.59697514,139.242136,0.64797855,-44.858804
17,11,0.00000000,0.000000,0.00000000,-0.000000
17,12,0.78838384,-44.104734,0.94988372,120.284216
17,13,0.91143763,-134.135182,0.90024847,37.823328
17,14,0.96763527,133.817256,0.61695168,-42.984490
17,15,0.00000000,0.000000,0.00000000,-0.000000
17,16,0.96288292,-45.122991,0.59304600,-62.838509
17,17,0.89308215,-135.707154,0.59433438,-150.956358
17,18,0.81653740,133.691640,0.79534808,132.274404
17,19,0.78851668,45.356080,0.88570166,49.497568
17,20,0.00000000,0.000000,0.00000000,0.000000
17,21,0.52323981,-137.506777,0.53465613,-118.973184
17,22,0.48886194,136.657020,0.42160706,139.930178
17,23,0.42776740,46.846235,0.43245044,34.925675
17,24,0.27864272,-41.695736,0.32710664,-53.938939
17,25,0.14862490,-133.394178,0.25007641,-131.031649
17,26,0.09846501,146.629154,0.16796105,144.072274
17,27,0.05814313,39.230929,0.10083324,45.606958
17,28,0.03983836,-61.878375,0.05217653,-48.482238
17,29,0.01837913,-172.771460,0.02195328,-133.719044
17,30,0.00000000,180.000000,0.00000000,180.000000
17,31,0.00000003,-144.420633,0.00000003,-125.842311
18,0,0.00000003,134.443908,0.00000003,-54.633917
18,1,0.00310936,-162.590232,0.00501919,43.690816
18,2,0.01231710,120.891155,0.02081510,-42.745506
18,3,0.03597547,42.658471,0.04872077,-128.578349
18,4,0.00000000,0.000000,0.00000000,180.000000
18,5,0.12444979,-126.328606,0.15765382,37.787484
18,6,0.16519099,133.381277,0.23822776,-45.478198
18,7,0.21260801,40.649725,0.32474672,-122.821835
18,8,0.28322691,-42.336267,0.42541619,158.591398
18,9,0.40418392,-134.999095,0.45691429,57.428628
18,10,0.55776087,139.242134,0.60541386,-44.858809
18,11,0.71874755,49.204322,0.80826362,-147.423600
18,12,0.73659615,-44.104738,0.88748733,120.284228
18,13,0.85156669,-134.135180,0.84111251,37.823327
18,14,0.90407279,133.817257,0.57642503,-42.984475
18,15,0.94674839,43.409215,0.59089271,-117.256313
18,16,0.89963258,-45.122990,0.55408969,-62.838495
18,17,0.83441690,-135.707154,0.55529346,-150.956365
18,18,0.76290045,133.691637,0.74310298,132.274402
18,19,0.73672019,45.356075,0.82752132,49.497571
18,20,0.67938854,-44.616053,0.82144835,-30.758427
18,21,0.48886896,-137.506778,0.49953558,-118.973170
18,22,0.45674937,136.657017,0.39391234,139.930183
18,23,0.39966808,46.846240,0.40404346,34.925674
18,24,0.26033911,-41.695736,0.30561948,-53.938940
18,25,0.13886195,-133.394177,0.23364923,-131.031651
18,26,0.09199700,146.629155,0.15692795,144.072274
18,27,0.05432381,39.230940,0.09420964,45.606965
18,28,0.03722144,-61.878404,0.04874913,-48.482233
18,29,0.00000000,-0.000000,0.00000000,-0.000000
18,30,0.00364742,141.836322,0.00496852,140.009158
18,31,0.00000003,-144.043847,0.00000003,-126.484055
19,0,0.00000000,180.000000,0.00000000,0.000000
19,1,0.00280521,-162.590299,0.00452816,43.690914
19,2,0.01111213,120.891012,0.01877874,-42.745488
19,3,0.03245599,42.658501,0.04395440,-128.578356
19,4,0.07013312,-27.176892,0.08524274,138.008450
19,5,0.11227486,-126.328595,0.14223054,37.787487
19,6,0.14903045,133.381279,0.21492193,-45.478196
19,7,0.19180862,40.649739,0.29297677,-122.821829
19,8,0.25551889,-42.336275,0.38379768,158.591403
19,9,0.36464263,-134.999096,0.41221432,57.428627
19,10,0.00000000,180.000000,0.00000000,0.000000
19,11,0.64843242,49.204316,0.72919124,-147.423598
19,12,0.66453504,-44.104741,0.80066451,120.284218
19,13,0.76825804,-134.135177,0.75882650,37.823332
19,14,0.81562742,133.817257,0.52003349,-42.984466
19,15,0.85412795,43.409219,0.53308575,-117.256323
19,16,0.00000000,0.000000,0.00000000,0.000000
19,17,0.75278597,-135.707154,0.50096924,-150.956388
19,18,0.68826596,133.691633,0.67040528,132.274400
19,19,0.66464693,45.356077,0.74656490,49.497570
19,20,0.61292385,-44.616053,0.74108584,-30.758434
19,21,0.44104295,-137.506778,0.45066623,-118.973170
19,22,0.41206560,136.657017,0.35537593,139.930180
19,23,0.36056856,46.846252,0.36451590,34.925671
19,24,0.23487012,-41.695729,0.27572068,-53.938949
19,25,0.12527711,-133.394177,0.21079133,-131.031653
19,26,0.08299695,146.629163,0.14157566,144.072272
19,27,0.04900933,39.230962,0.08499312,45.606983
19,28,0.03358008,-61.878460,0.04397999,-48.482223
19,29,0.01549186,-172.771478,0.01850457,-133.719082
19,30,0.00329059,141.836141,0.00448244,140.009057
19,31,0.00000002,-143.488006,0.00000002,-127.368948
20,0,0.00000002,134.470350,0.00000002,-52.611848
20,1,0.00244059,-162.590389,0.00393950,43.691055
20,2,0.00966759,120.890789,0.01633753,-42.745456
20,3,0.02823676,42.658542,0.03824040,-128.578369
20,4,0.06101593,-27.176878,0.07416135,138.008434
20,5,0.09767932,-126.328585,0.12374083,37.787504
20,6,0.12965687,133.381290,0.18698248,-45.478185
20,7,0.16687391,40.649746,0.25489031,-122.821816
20,8,0.22230191,-42.336280,0.33390471,158.591391
20,9,0.31723983,-134.999102,0.35862724,57.428617
20,10,0.43778081,139.242134,0.47518309,-44.858819
20,11,0.56413739,49.204314,0.63439777,-147.423590
20,12,0.57814676,-44.104746,0.69657967,120.284223
20,13,0.66838601,-134.135169,0.66018060,37.823340
20,14,0.70959743,133.817259,0.45243013,-42.984435
20,15,0.74309282,43.409218,0.46378560,-117.256330
20,16,0.70611237,-45.122988,0.43489930,-62.838486
20,17,0.65492534,-135.707148,0.43584421,-150.956415
20,18,0.59879276,133.691628,0.58325392,132.274394
20,19,0.57824412,45.356076,0.64951294,49.497570
20,20,0.53324499,-44.616054,0.64474599,-30.758440
20,21,0.38370824,-137.506782,0.39208080,-118.973168
20,22,0.35849785,136.657012,0.30917778,139.930187
20,23,0.00000000,0.000000,0.00000000,0.000000
20,24,0.20433740,-41.695728,0.23987753,-53.938967
20,25,0.10899137,-133.394170,0.18338884,-131.031658
20,26,0.07220752,146.629170,0.12317109,144.072269
20,27,0.04263823,39.230992,0.07394417,45.607005
20,28,0.02921475,-61.878537,0.03826266,-48.482212
20,29,0.01347791,-172.771479,0.01609900,-133.719114
20,30,0.00000000,180.000000,0.00000000,180.000000
20,31,0.00000002,-142.767282,0.00000002,-128.415813
21,0,0.00000002,134.491062,0.00000002,-51.404304
21,1,0.00204390,-162.590529,0.00329905,43.691252
21,2,0.00809598,120.890468,0.01368157,-42.745411
21,3,0.02364639,42.658606,0.03202375,-128.578388
21,4,0.00000000,0.000000,0.00000000,180.000000
21,5,0.08179987,-126.328570,0.10362467,37.787530
21,6,0.10857909,133.381299,0.15658533,-45.478174
21,7,0.13974574,40.649770,0.21345354,-122.821791
21,8,0.18616303,-42.336291,0.27962278,158.591383
21,9,0.26566720,-134.999105,0.30032638,57.428605
21,10,0.00000000,180.000000,0.00000000,0.000000
21,11,0.47242744,49.204311,0.53126574,-147.423577
21,12,0.48415928,-44.104753,0.58333887,120.284232
21,13,0.00000000,-0.000000,0.00000000,0.000000
21,14,0.59424038,133.817259,0.37887993,-42.984399
21,15,0.62229048,43.409219,0.38838947,-117.256350
21,16,0.59132207,-45.122984,0.36419919,-62.838466
21,17,0.54845618,-135.707144,0.36499048,-150.956465
21,18,0.50144891,133.691619,0.48843621,132.274394
21,19,0.48424086,45.356073,0.54392384,49.497562
21,20,0.44655702,-44.616057,0.53993158,-30.758447
21,21,0.32133001,-137.506787,0.32834183,-118.973154
21,22,0.30021801,136.657005,0.25891578,139.930197
21,23,0.26269884,46.846283,0.26557478,34.925690
21,24,0.17111890,-41.695721,0.20088139,-53.938987
21,25,0.09127303,-133.394163,0.15357589,-131.031670
21,26,0.06046899,146.629184,0.10314755,144.072261
21,27,0.00000000,0.000000,0.00000000,0.000000
21,28,0.02446541,-61.878648,0.03204240,-48.482189
21,29,0.01128680,-172.771494,0.01348182,-133.719172
21,30,0.00239739,141.835461,0.00326575,140.008689
21,31,0.00000002,-141.905022,0.00000002,-129.535507
22,0,0.00000001,134.518066,0.00000001,-50.179509
22,1,0.00164348,-162.590736,0.00265260,43.691547
22,2,0.00650960,120.889981,0.01100068,-42.745336
22,3,0.01901291,42.658700,0.02574873,-128.578417
22,4,0.04108441,-27.176856,0.04993576,138.008348
22,5,0.06577130,-126.328543,0.08331960,37.787563
22,6,0.08730335,133.381312,0.12590270,-45.478153
22,7,0.11236287,40.649799,0.17162769,-122.821769
22,8,0.14968478,-42.336306,0.22483119,158.591367
22,9,0.21361027,-134.999115,0.24147797,57.428604
22,10,0.29477535,139.242120,0.31995970,-44.858842
22,11,0.37985616,49.204305,0.42716527,-147.423557
22,12,0.38928920,-44.104765,0.46903480,120.284228
22,13,0.45005092,-134.135154,0.44452583,37.823348
22,14,0.47780014,133.817266,0.30463916,-42.984343
22,15,0.50035373,43.409222,0.31228529,-117.256383
22,16,0.00000000,0.000000,0.00000000,0.000000
22,17,0.44098736,-135.707136,0.29347138,-150.956533
22,18,0.40319103,133.691608,0.39272814,132.274387
22,19,0.38935488,45.356068,0.43734312,49.497557
22,20,0.35905500,-44.616057,0.43413283,-30.758465
22,21,0.25836602,-137.506795,0.26400432,-118.973146
22,22,0.24139088,136.656995,0.20818177,139.930196
22,23,0.00000000,0.000000,0.00000000,0.000000
22,24,0.13758840,-41.695711,0.16151901,-53.939026
22,25,0.07338829,-133.394153,0.12348297,-131.031684
22,26,0.04862024,146.629203,0.08293598,144.072252
22,27,0.02871007,39.231103,0.04978952,45.607091
22,28,0.01967147,-61.878818,0.02576372,-48.482158
22,29,0.00907511,-172.771515,0.01084006,-133.719253
22,30,0.00192761,141.834846,0.00262581,140.008375
22,31,0.00000001,-140.936241,0.00000001,-130.643717
23,0,0.00000001,134.552302,0.00000001,-49.013811
23,1,0.00126451,-162.591053,0.00204077,43.691965
23,2,0.00500822,120.889245,0.00846340,-42.745226
23,3,0.01462766,42.658846,0.01980988,-128.578460
23,4,0.03160847,-27.176827,0.03841832,138.008288
23,5,0.05060144,-126.328503,0.06410234,37.787629
23,6,0.06716745,133.381339,0.09686388,-45.478136
23,7,0.08644700,40.649845,0.13204261,-122.821715
23,8,0.11516081,-42.336330,0.17297496,158.591353
23,9,0.16434221,-134.999128,0.18578233,57.428582
23,10,0.22678703,139.242113,0.24616268,-44.858860
23,11,0.29224434,49.204295,0.32864183,-147.423538
23,12,0.29950166,-44.104784,0.36085444,120.284236
23,13,0.34624898,-134.135139,0.34199828,37.823346
23,14,0.36759803,133.817270,0.23437571,-42.984267
23,15,0.38494949,43.409235,0.24025831,-117.256419
23,16,0.36579284,-45.122976,0.22529423,-62.838405
23,17,0.33927596,-135.707128,0.22578379,-150.956628
23,18,0.31019715,133.691591,0.30214756,132.274381
23,19,0.29955226,45.356064,0.33647233,49.497544
23,20,0.27624081,-44.616060,0.33400216,-30.758487
23,21,0.19877528,-137.506802,0.20311362,-118.973129
23,22,0.18571531,136.656982,0.16016579,139.930218
23,23,0.16250590,46.846362,0.16428490,34.925711
23,24,0.10585428,-41.695694,0.12426545,-53.939084
23,25,0.05646171,-133.394136,0.09500222,-131.031713
23,26,0.03740626,146.629227,0.06380720,144.072235
23,27,0.00000000,0.000000,0.00000000,0.000000
23,28,0.01513437,-61.879081,0.01982142,-48.482113
23,29,0.00698191,-172.771549,0.00833983,-133.719374
23,30,0.00000000,180.000000,0.00000000,180.000000
23,31,0.00000001,-139.908513,0.00000001,-131.671618
24,0,0.00000001,134.594212,0.00000001,-47.966580
24,1,0.00092654,-162.591534,0.00149515,43.692569
24,2,0.00366929,120.888087,0.00620066,-42.745061
24,3,0.01071690,42.659075,0.01451362,-128.578529
24,4,0.02315783,-27.176785,0.02814706,138.008175
24,5,0.03707298,-126.328440,0.04696441,37.787700
24,6,0.04921026,133.381378,0.07096704,-45.478093
24,7,0.06333523,40.649914,0.09674063,-122.821637
24,8,0.08437233,-42.336365,0.12672959,158.591315
24,9,0.12040497,-134.999148,0.13611294,57.428558
24,10,0.16615504,139.242095,0.18035050,-44.858903
24,11,0.21411207,49.204285,0.24077866,-147.423492
24,12,0.21942918,-44.104805,0.26437916,120.284253
24,13,0.25367847,-134.135110,0.25056422,37.823376
24,14,0.26931982,133.817282,0.17171480,-42.984145
24,15,0.28203211,43.409240,0.17602467,-117.256480
24,16,0.26799730,-45.122969,0.16506130,-62.838351
24,17,0.24856980,-135.707111,0.16542004,-150.956782
24,18,0.22726526,133.691566,0.22136779,132.274367
24,19,0.21946633,45.356050,0.24651578,49.497535
24,20,0.20238715,-44.616066,0.24470560,-30.758528
24,21,0.14563222,-137.506816,0.14881129,-118.973094
24,22,0.13606385,136.656957,0.11734511,139.930228
24,23,0.11905953,46.846437,0.12036295,34.925729
24,24,0.07755380,-41.695670,0.09104275,-53.939172
24,25,0.00000000,-0.000000,0.00000000,-0.000000
24,26,0.02740564,146.629267,0.04674818,144.072209
24,27,0.01618296,39.231377,0.02806464,45.607286
24,28,0.01108818,-61.879488,0.01452207,-48.482033
24,29,0.00511519,-172.771596,0.00611013,-133.719564
24,30,0.00108648,141.832439,0.00148005,140.007222
24,31,0.00000001,-138.879456,0.00000001,-132.571897
25,0,0.00000001,134.643488,0.00000001,-47.076230
25,1,0.00064204,-162.592310,0.00103586,43.693458
25,2,0.00254222,120.886184,0.00429596,-42.744776
25,3,0.00742494,42.659453,0.01005539,-128.578642
25,4,0.01604435,-27.176714,0.01950104,138.007994
25,5,0.02568513,-126.328329,0.03253822,37.787842
25,6,0.03409444,133.381439,0.04916791,-45.478027
25,7,0.04388045,40.650031,0.06702453,-122.821514
25,8,0.05845554,-42.336425,0.08780166,158.591258
25,9,0.08341997,-134.999182,0.09430281,57.428518
25,10,0.11511693,139.242068,0.12495185,-44.858967
25,11,0.14834279,49.204257,0.16681818,-147.423419
25,12,0.15202667,-44.104854,0.18316924,120.284277
25,13,0.17575551,-134.135067,0.17359787,37.823391
25,14,0.00000000,180.000000,0.00000000,0.000000
25,15,0.19539935,43.409249,0.12195476,-117.256596
25,16,0.18567604,-45.122959,0.11435910,-62.838262
25,17,0.17221615,-135.707084,0.11460772,-150.957050
25,18,0.15745575,133.691521,0.15336989,132.274342
25,19,0.15205246,45.356034,0.17079313,49.497515
25,20,0.14021942,-44.616077,0.16953857,-30.758582
25,21,0.10089806,-137.506836,0.10310127,-118.973045
25,22,0.00000000,180.000000,0.00000000,180.000000
25,23,0.08248773,46.846558,0.08339076,34.925768
25,24,0.05373133,-41.695628,0.06307689,-53.939321
25,25,0.02865999,-133.394067,0.04822294,-131.031814
25,26,0.01898743,146.629340,0.03238841,144.072169
25,27,0.01121206,39.231650,0.01944394,45.607499
25,28,0.00000000,0.000000,0.00000000,0.000000
25,29,0.00354386,-172.771671,0.00423323,-133.719892
25,30,0.00075272,141.830018,0.00102540,140.006157
25,31,0.00000001,-137.909575,0.00000001,-133.319628
26,0,0.00000000,180.000000,0.00000000,0.000000
26,1,0.00041611,-162.593614,0.00067114,43.694779
26,2,0.00164722,120.882887,0.00278345,-42.744280
26,3,0.00481082,42.660116,0.00651515,-128.578853
26,4,0.01039559,-27.176598,0.01263531,138.007677
26,5,0.01664213,-126.328146,0.02108251,37.788088
26,6,0.02209110,133.381556,0.03185740,-45.477912
26,7,0.02843159,40.650238,0.04342721,-122.821293
26,8,0.03787525,-42.336534,0.05688934,158.591157
26,9,0.05405051,-134.999243,0.06110175,57.428433
26,10,0.07458802,139.242023,0.08096028,-44.859067
26,11,0.00000000,0.000000,0.00000000,-0.000000
26,12,0.09850290,-44.104934,0.11868115,120.284318
26,13,0.11387757,-134.134990,0.11247958,37.823440
26,14,0.12089901,133.817328,0.07708361,-42.983577
26,15,0.12660509,43.409274,0.07901833,-117.256788
26,16,0.12030546,-45.122934,0.07409693,-62.838095
26,17,0.11158438,-135.707033,0.07425808,-150.957504
26,18,0.10202063,133.691440,0.09937335,132.274296
26,19,0.09851971,45.356009,0.11066243,49.497471
26,20,0.09085257,-44.616096,0.10984907,-30.758688
26,21,0.06537506,-137.506876,0.06680335,-118.972949
26,22,0.06107975,136.656850,0.05267694,139.930316
26,23,0.05344639,46.846775,0.05403148,34.925826
26,24,0.03481412,-41.695559,0.04086945,-53.939573
26,25,0.01856978,-133.393993,0.03124513,-131.031925
26,26,0.01230260,146.629467,0.02098544,144.072094
26,27,0.00726470,39.232136,0.01259832,45.607853
26,28,0.00497758,-61.881353,0.00651895,-48.481688
26,29,0.00229607,-172.771813,0.00274280,-133.720446
26,30,0.00048768,141.825777,0.00066436,140.004446
26,31,0.00000000,-137.051131,0.00000000,-133.909219
27,0,0.00000000,134.761566,0.00000000,-45.816739
27,1,0.00024734,-162.595889,0.00039871,43.696818
27,2,0.00097869,120.876687,0.00165366,-42.743340
27,3,0.00285817,42.661385,0.00387072,-128.579249
27,4,0.00617617,-27.176362,0.00750686,138.007067
27,5,0.00988734,-126.327779,0.01252550,37.788567
27,6,0.01312501,133.381786,0.01892706,-45.477689
27,7,0.01689184,40.650640,0.02580087,-122.820863
27,8,0.00000000,0.000000,0.00000000,180.000000
27,9,0.03211256,-134.999363,0.03630174,57.428280
27,10,0.04431436,139.241932,0.04810013,-44.859264
27,11,0.05710438,49.204125,0.06421653,-147.423057
27,12,0.05852254,-44.105093,0.07051086,120.284401
27,13,0.06765694,-134.134835,0.06682639,37.823525
27,14,0.07182850,133.817385,0.04579689,-42.982867
27,15,0.07521824,43.409319,0.04694635,-117.257170
27,16,0.07147598,-45.122894,0.04402252,-62.837779
27,17,0.06629459,-135.706941,0.04411834,-150.958417
27,18,0.06061257,133.691284,0.05903986,132.274214
27,19,0.05853264,45.355956,0.06574694,49.497393
27,20,0.05397727,-44.616128,0.06526316,-30.758900
27,21,0.03884063,-137.506956,0.03969008,-118.972774
27,22,0.03628868,136.656711,0.03129650,139.930426
27,23,0.03175354,46.847191,0.03210115,34.925953
27,24,0.02068364,-41.695419,0.02428128,-53.940066
27,25,0.01103276,-133.393846,0.01856330,-131.032154
27,26,0.00730927,146.629706,0.01246784,144.071949
27,27,0.00431617,39.233072,0.00748488,45.608552
27,28,0.00295731,-61.883612,0.00387297,-48.481254
27,29,0.00136403,-172.772066,0.00162951,-133.721564
27,30,0.00028971,141.817735,0.00039468,140.001535
27,31,0.00000000,-136.337136,0.00000000,-134.349413
28,0,0.00000000,134.830549,0.00000000,-45.431510
28,1,0.00012958,-162.600016,0.00020864,43.700380
28,2,0.00051228,120.863609,0.00086543,-42.741267
28,3,0.00149585,42.664161,0.00202576,-128.580154
28,4,0.00323237,-27.175843,0.00392885,138.005673
28,5,0.00517467,-126.326965,0.00655546,37.789622
28,6,0.00686954,133.382313,0.00990584,-45.477184
28,7,0.00884080,40.651538,0.01350335,-122.819913
28,8,0.01177727,-42.337207,0.01768926,158.590536
28,9,0.01680692,-134.999630,0.01899930,57.427948
28,10,0.02319307,139.241720,0.02517430,-44.859728
28,11,0.02988685,49.203941,0.03360920,-147.422522
28,12,0.03062911,-44.105444,0.03690349,120.284567
28,13,0.03540980,-134.134498,0.03497514,37.823729
28,14,0.03759307,133.817506,0.02396883,-42.981289
28,15,0.03936672,43.409424,0.02457041,-117.258023
28,16,0.03740869,-45.122796,0.02304025,-62.837059
28,17,0.03469690,-135.706730,0.02309050,-150.960432
28,18,0.03172306,133.690940,0.03090004,132.274025
28,19,0.03063452,45.355836,0.03441037,49.497209
28,20,0.02825018,-44.616201,0.03415652,-30.759357
28,21,0.02032814,-137.507132,0.02077370,-118.972377
28,22,0.01899249,136.656407,0.01637983,139.930670
28,23,0.01661890,46.848106,0.01680082,34.926218
28,24,0.01082510,-41.695107,0.01270808,-53.941143
28,25,0.00577435,-133.393516,0.00971546,-131.032640
28,26,0.00000000,180.000000,0.00000000,180.000000
28,27,0.00225904,39.235166,0.00391735,45.610114
28,28,0.00154780,-61.888473,0.00202694,-48.480277
28,29,0.00071378,-172.772562,0.00085279,-133.724025
28,30,0.00015159,141.800434,0.00020653,139.995904
28,31,0.00000000,-0.000000,0.00000000,-0.000000
29,0,0.00000000,134.904667,0.00000000,-45.181712
29,1,0.00000000,-0.000000,0.00000000,0.000000
29,2,0.00021426,120.830111,0.00036179,-42.735454
29,3,0.00062538,42.671734,0.00084690,-128.582837
29,4,0.00135140,-27.174350,0.00164264,138.001580
29,5,0.00216346,-126.324599,0.00274084,37.792626
29,6,0.00287248,133.383921,0.00414164,-45.475727
29,7,0.00369650,40.654111,0.00564572,-122.817206
29,8,0.00492426,-42.338554,0.00739581,158.589291
29,9,0.00702722,-135.000408,0.00794372,57.426968
29,10,0.00969740,139.241117,0.01052561,-44.861056
29,11,0.01249591,49.203385,0.01405232,-147.420937
29,12,0.01280631,-44.106464,0.01542969,120.285092
29,13,0.01480514,-134.133520,0.01462343,37.824302
29,14,0.01571797,133.817874,0.01002155,-42.976686
29,15,0.01645903,43.409721,0.01027307,-117.260493
29,16,0.01564103,-45.122517,0.00963341,-62.834979
29,17,0.01450721,-135.706118,0.00965453,-150.966256
29,18,0.01326380,133.689940,0.01291980,132.273492
29,19,0.01280872,45.355486,0.01438754,49.496711
29,20,0.00000000,0.000000,0.00000000,0.000000
29,21,0.00000000,-0.000000,0.00000000,-0.000000
29,22,0.00794091,136.655523,0.00684866,139.931367
29,23,0.00694846,46.850668,0.00702451,34.927002
29,24,0.00452590,-41.694211,0.00531326,-53.944166
29,25,0.00241442,-133.392559,0.00406204,-131.034072
29,26,0.00159956,146.631826,0.00272822,144.070638
29,27,0.00094461,39.241164,0.00163783,45.614678
29,28,0.00000000,0.000000,0.00000000,0.000000
29,29,0.00029832,-172.773529,0.00035649,-133.731255
29,30,0.00000000,180.000000,0.00000000,180.000000
29,31,0.00000000,-135.363199,0.00000000,-134.856404
30,0,0.00000000,134.971132,0.00000000,-45.043767
30,1,0.00000000,-0.000000,0.00000000,0.000000
30,2,0.00005152,120.698417,0.00008672,-42.704918
30,3,0.00014997,42.703659,0.00020305,-128.598210
30,4,0.00032409,-27.166858,0.00039399,137.979014
30,5,0.00051885,-126.312084,0.00065743,37.806723
30,6,0.00068931,133.393150,0.00099345,-45.468071
30,7,0.00088687,40.667339,0.00135418,-122.804060
30,8,0.00118141,-42.345651,0.00177393,158.582718
30,9,0.00168592,-135.004588,0.00190558,57.421732
30,10,0.00232656,139.237839,0.00252504,-44.868170
30,11,0.00000000,0.000000,0.00000000,-0.000000
30,12,0.00307216,-44.111866,0.00370151,120.287882
30,13,0.00355165,-134.128317,0.00350810,37.827397
30,14,0.00377060,133.819840,0.00240409,-42.952210
30,15,0.00394778,43.411304,0.00246440,-117.273696
30,16,0.00375235,-45.121003,0.00231109,-62.823857
30,17,0.00348035,-135.702821,0.00231630,-150.996590
30,18,0.00318204,133.684804,0.00309967,132.270579
30,19,0.00307293,45.353610,0.00345180,49.493945
30,20,0.00283343,-44.617596,0.00342531,-30.767739
30,21,0.00000000,-0.000000,0.00000000,-0.000000
30,22,0.00190494,136.650770,0.00164309,139.935083
30,23,0.00166683,46.862482,0.00168506,34.931108
30,24,0.00108555,-41.689488,0.00127449,-53.958125
30,25,0.00057935,-133.387470,0.00097435,-131.041622
30,26,0.00038381,146.640075,0.00065441,144.066039
30,27,0.00022671,39.271570,0.00039284,45.639537
30,28,0.00015527,-61.953936,0.00020316,-48.460518
30,29,0.00007144,-172.770844,0.00008543,-133.771106
30,30,0.00001516,141.555207,0.00002065,139.898296
30,31,0.00000000,-135.096062,0.00000000,-134.965475
31,0,0.00000000,-44.999978,0.00000000,135.000022
31,1,0.00000000,45.025016,0.00000000,-135.176810
31,2,0.00000000,-44.799426,0.00000000,134.272543
31,3,0.00000000,-134.740807,0.00000000,45.054616
31,4,0.00000000,134.904187,0.00000000,-42.558668
31,5,0.00000000,44.539174,0.00000000,-133.994907
31,6,0.00000000,0.000000,0.00000000,180.000000
31,7,0.00000001,-135.475528,0.00000001,41.333896
31,8,0.00000001,134.917141,0.00000001,-50.512540
31,9,0.00000000,0.000000,0.00000000,-0.000000
31,10,0.00000002,-44.920126,0.00000002,135.010914
31,11,0.00000002,-134.908159,0.00000002,48.485433
31,12,0.00000002,135.655170,0.00000002,-38.240045
31,13,0.00000003,44.868687,0.00000003,-133.617506
31,14,0.00000003,-45.315366,0.00000003,126.331140
31,15,0.00000003,-135.302649,0.00000003,41.389981
31,16,0.00000003,134.891139,0.00000003,137.923504
31,17,0.00000003,44.989727,0.00000003,51.273714
31,18,0.00000000,0.000000,0.00000000,0.000000
31,19,0.00000002,-135.029214,0.00000002,-139.292630
31,20,0.00000002,134.716475,0.00000002,130.966902
31,21,0.00000002,45.780185,0.00000002,42.522107
31,22,0.00000001,-44.302320,0.00000001,-45.005779
31,23,0.00000001,-135.913884,0.00000001,-128.906752
31,24,0.00000001,134.587897,0.00000001,139.493632
31,25,0.00000001,45.007275,0.00000001,47.747266
31,26,0.00000000,-45.503268,0.00000000,-46.458888
31,27,0.00000000,-134.957065,0.00000000,-137.946713
31,28,0.00000000,135.514116,0.00000000,134.851634
31,29,0.00000000,45.188463,0.00000000,45.742812
31,30,0.00000000,-45.036013,0.00000000,-44.826182
31,31,0.00000000,44.999978,0.00000000,44.999978
